"时间", "平台", "定单ID", "日志类型", "价格", "数量", "消息"
2017-10-01 00:00:00,,,信息,,,启动多交易对现货长线量化价值投资策略程序...
2017-10-01 00:00:00,,,信息,,,准备解析传入的JSON参数...
2017-10-01 00:00:00,,,信息,,,JSON格式检测通过...
2017-10-01 00:00:00,,,信息,,,JSON转成JS对像成功，传入交易对参数有 1 对...
2017-10-01 00:00:00,,,信息,,,"Huobi/ETH_BTC 交易对接收参数如下： {""MaxCoinLimit"":30000,""MinCoinLimit"":0,""OperateFineness"":12,""NowCoinPrice"":0.08,""BuyFee"":0.002,""SellFee"":0.002,""PriceDecimalPlace"":6,""StockDecimalPlace"":4,""BuyPoint"":0.05,""AddPointInBuy"":0.008,""SellPoint"":0.2,""AddPointInSell"":-0.005,""CanKeepPosition"":1,""HistoryHighPoint"":0.15,""HistoryLowPoint"":0.035,""Debug"":0,""TradeLimits"":{""LPOMinAmount"":0.01,""LPOMaxAmount"":10000,""MPOMinBuyAmount"":0.0001,""MPOMaxBuyAmount"":1000,""MPOMinSellAmount"":0.01,""MPOMaxSellAmount"":10000}}"
2017-10-01 00:00:00,,,信息,,,匹配到交易对： Huobi/ETH_BTC
2017-10-01 00:00:00,,,信息,,,成功匹配到 1 个交易对。
2017-10-01 00:00:00,,,信息,,,开始执行主事务程序...
2017-10-15 19:12:00,,,信息,,,当前基准买入价格 0.08 上次买入价格 0 动态买入点 0.05 当前持仓总量 0
2017-10-15 19:12:00,,,信息,,,Huobi/ETH_BTC交易对准备以 0.0584851 的价格买入 12 个币，当前账户余额为： 19.7863 。本次下单金额 0.7018211999999999 ，本次预期买入数量 12 ，预期成交价格 0.0584851
2017-10-15 19:12:00,Huobi,1,买入,市价,0.7018212,
2017-10-15 19:20:00,,,信息,,,Huobi/ETH_BTC 交易对订单 1 买入交易已经成功!成交均价： 0.0584851 ，挂单买入： 0.7018 ，买到数量： 11.9756
2017-10-15 19:20:00,,,信息,,,Huobi/ETH_BTC 交易对当前买入计入核算，长线持仓价格调整到： 0.058602 ，总持仓数量： 11.9756 ，总持币成本： 0.701795
2017-10-19 14:20:00,,,信息,,,当前基准买入价格 0.0584851 上次买入价格 0.0584851 动态买入点 0.058 当前持仓总量 11.9756
2017-10-19 14:20:00,,,信息,,,Huobi/ETH_BTC交易对准备以 0.0547754 的价格买入 16.54474864339101 个币，当前账户余额为： 19.08450504 。本次下单金额 0.9062452248412 ，本次预期买入数量 16.54474864339101 ，预期成交价格 0.0547754
2017-10-19 14:20:00,Huobi,2,买入,市价,0.9062452248412,
2017-10-19 14:24:00,,,信息,,,Huobi/ETH_BTC 交易对订单 2 买入交易已经成功!成交均价： 0.0547754 ，挂单买入： 0.9062 ，买到数量： 16.5108
2017-10-19 14:24:00,,,信息,,,短线交易开闭处于关闭状态，不做短线交易
2017-10-19 14:24:00,,,信息,,,Huobi/ETH_BTC 交易对现在不允许做短线交易操作，现将直接按长线买入计入长线核算。
2017-10-19 14:24:00,,,信息,,,Huobi/ETH_BTC 交易对当前买入计入核算，长线持仓价格调整到： 0.056448 ，总持仓数量： 28.4864 ，总持币成本： 1.607989
2017-10-20 23:46:00,,,信息,,,当前基准买入价格 0.0547754 上次买入价格 0.0547754 动态买入点 0.066 当前持仓总量 28.4864
2017-10-20 23:46:00,,,信息,,,Huobi/ETH_BTC交易对准备以 0.0510001 的价格买入 19.64373724489796 个币，当前账户余额为： 18.1783106 。本次下单金额 1.0018325638635204 ，本次预期买入数量 19.64373724489796 ，预期成交价格 0.0510001
2017-10-20 23:46:00,Huobi,3,买入,市价,1.00183256386352,
2017-10-20 23:50:00,,,信息,,,Huobi/ETH_BTC 交易对订单 3 买入交易已经成功!成交均价： 0.0510001 ，挂单买入： 1.0018 ，买到数量： 19.6037
2017-10-20 23:50:00,,,信息,,,短线交易开闭处于关闭状态，不做短线交易
2017-10-20 23:50:00,,,信息,,,Huobi/ETH_BTC 交易对现在不允许做短线交易操作，现将直接按长线买入计入长线核算。
2017-10-20 23:50:00,,,信息,,,Huobi/ETH_BTC 交易对当前买入计入核算，长线持仓价格调整到： 0.054269 ，总持仓数量： 48.0901 ，总持币成本： 2.609791
2017-10-21 23:32:00,,,信息,,,当前基准买入价格 0.0510001 上次买入价格 0.0510001 动态买入点 0.07400000000000001 当前持仓总量 48.0901
2017-10-21 23:32:00,,,信息,,,Huobi/ETH_BTC交易对准备以 0.0469311 的价格买入 24.00695645764616 个币，当前账户余额为： 17.17652036 。本次下单金额 1.1266728742094378 ，本次预期买入数量 24.00695645764616 ，预期成交价格 0.0469311
2017-10-21 23:32:00,Huobi,4,买入,市价,1.12667287420944,
2017-10-21 23:36:00,,,信息,,,Huobi/ETH_BTC 交易对订单 4 买入交易已经成功!成交均价： 0.0469311 ，挂单买入： 1.1266 ，买到数量： 23.9573
2017-10-21 23:36:00,,,信息,,,短线交易开闭处于关闭状态，不做短线交易
2017-10-21 23:36:00,,,信息,,,Huobi/ETH_BTC 交易对现在不允许做短线交易操作，现将直接按长线买入计入长线核算。
2017-10-21 23:36:00,,,信息,,,Huobi/ETH_BTC 交易对当前买入计入核算，长线持仓价格调整到： 0.05186 ，总持仓数量： 72.0474 ，总持币成本： 3.736393
2017-11-02 07:37:05,,,信息,,,当前基准买入价格 0.0469311 上次买入价格 0.0469311 动态买入点 0.08200000000000002 当前持仓总量 72.0474
2017-11-02 07:37:05,,,信息,,,Huobi/ETH_BTC交易对准备以 0.0427611 的价格买入 29.264399537215585 个币，当前账户余额为： 16.04992923 。本次下单金额 1.2513779150508295 ，本次预期买入数量 29.264399537215585 ，预期成交价格 0.0427611
2017-11-02 07:37:05,Huobi,5,买入,市价,1.25137791505083,
2017-11-02 07:58:00,,,信息,,,Huobi/ETH_BTC 交易对订单 5 买入交易已经成功!成交均价： 0.0427611 ，挂单买入： 1.2513 ，买到数量： 29.2039
2017-11-02 07:58:00,,,信息,,,短线交易开闭处于关闭状态，不做短线交易
2017-11-02 07:58:00,,,信息,,,Huobi/ETH_BTC 交易对现在不允许做短线交易操作，现将直接按长线买入计入长线核算。
2017-11-02 07:58:00,,,信息,,,Huobi/ETH_BTC 交易对当前买入计入核算，长线持仓价格调整到： 0.04926 ，总持仓数量： 101.2513 ，总持币成本： 4.987667
2017-11-02 09:46:00,,,信息,,,当前基准买入价格 0.0427611 上次买入价格 0.0427611 动态买入点 0.066 当前持仓总量 101.2513
2017-11-02 09:46:00,,,信息,,,Huobi/ETH_BTC交易对准备以 0.0396001 的价格买入 27.5311425091352 个币，当前账户余额为： 14.79864076 。本次下单金额 1.0902359964760049 ，本次预期买入数量 27.5311425091352 ，预期成交价格 0.0396001
2017-11-02 09:46:00,Huobi,6,买入,市价,1.090235996476,
2017-11-02 09:50:00,,,信息,,,Huobi/ETH_BTC 交易对订单 6 买入交易已经成功!成交均价： 0.0396001 ，挂单买入： 1.0902 ，买到数量： 27.4751
2017-11-02 09:50:00,,,信息,,,短线交易开闭处于关闭状态，不做短线交易
2017-11-02 09:50:00,,,信息,,,Huobi/ETH_BTC 交易对现在不允许做短线交易操作，现将直接按长线买入计入长线核算。
2017-11-02 09:50:00,,,信息,,,Huobi/ETH_BTC 交易对当前买入计入核算，长线持仓价格调整到： 0.047215 ，总持仓数量： 128.7264 ，总持币成本： 6.077832
2017-11-09 23:32:00,,,信息,,,满足日K线创年半内新低之后加仓到 60 %的条件，可以操作买入
2017-11-09 23:32:00,,,信息,,,Huobi_ETH_BTC交易对当前需要快速操作买入加仓到 0.6 ，预计花费 5.862836412
2017-11-09 23:32:00,Huobi,7,买入,市价,5.862836412,
2017-11-09 23:36:00,,,信息,,,Huobi/ETH_BTC 交易对订单 7 买入交易已经成功!成交均价： 0.0458771 ，挂单买入： 5.8628 ，买到数量： 127.538
2017-11-09 23:36:00,,,信息,,,短线交易开闭处于关闭状态，不做短线交易
2017-11-09 23:36:00,,,信息,,,Huobi/ETH_BTC 交易对现在不允许做短线交易操作，现将直接按长线买入计入长线核算。
2017-11-09 23:36:00,,,信息,,,Huobi/ETH_BTC 交易对当前买入计入核算，长线持仓价格调整到： 0.046595 ，总持仓数量： 256.2644 ，总持币成本： 11.940593
2017-11-10 08:58:00,,,信息,,,满足日K线创年半内新低之后加仓到 60 %的条件，可以操作买入
2017-11-10 08:58:00,,,信息,,,Huobi_ETH_BTC交易对当前需要快速操作买入加仓到 0.6 ，预计花费 0.2171385739999998
2017-11-10 08:58:00,Huobi,8,买入,市价,0.217138574,
2017-11-10 09:00:00,,,信息,,,Huobi/ETH_BTC 交易对订单 8 买入交易已经成功!成交均价： 0.0438051 ，挂单买入： 0.2171 ，买到数量： 4.946
2017-11-10 09:00:00,,,信息,,,短线交易开闭处于关闭状态，不做短线交易
2017-11-10 09:00:00,,,信息,,,Huobi/ETH_BTC 交易对现在不允许做短线交易操作，现将直接按长线买入计入长线核算。
2017-11-10 09:00:00,,,信息,,,Huobi/ETH_BTC 交易对当前买入计入核算，长线持仓价格调整到： 0.046544 ，总持仓数量： 261.21040000000005 ，总持币成本： 12.157733
2017-11-13 05:46:00,,,信息,,,满足日K线金叉之后加仓到 80 %的条件，可以操作买入
2017-11-13 05:46:00,,,信息,,,Huobi_ETH_BTC交易对当前需要快速操作买入加仓到 0.8 ，预计花费 3.344794760000001
2017-11-13 05:46:00,Huobi,9,买入,市价,3.34479476,
2017-11-13 05:50:00,,,信息,,,Huobi/ETH_BTC 交易对订单 9 买入交易已经成功!成交均价： 0.0527941 ，挂单买入： 3.3447 ，买到数量： 63.2268
2017-11-13 05:50:00,,,信息,,,短线交易开闭处于关闭状态，不做短线交易
2017-11-13 05:50:00,,,信息,,,Huobi/ETH_BTC 交易对现在不允许做短线交易操作，现将直接按长线买入计入长线核算。
2017-11-13 05:50:00,,,信息,,,Huobi/ETH_BTC 交易对当前买入计入核算，长线持仓价格调整到： 0.047783 ，总持仓数量： 324.43719999999996 ，总持币成本： 15.502455
2017-11-13 05:50:00,,,信息,,,满足日K线金叉之后加仓到 80 %的条件，可以操作买入
2017-11-13 05:50:00,,,信息,,,Huobi_ETH_BTC交易对当前需要快速操作买入加仓到 0.8 ，预计花费 0.012159751999998747
2017-11-13 05:50:00,Huobi,10,买入,市价,0.0121597519999987,
2017-11-13 05:54:00,,,信息,,,Huobi/ETH_BTC 交易对订单 10 买入交易已经成功!成交均价： 0.0526291 ，挂单买入： 0.0121 ，买到数量： 0.2294
2017-11-13 05:54:00,,,信息,,,短线交易开闭处于关闭状态，不做短线交易
2017-11-13 05:54:00,,,信息,,,Huobi/ETH_BTC 交易对现在不允许做短线交易操作，现将直接按长线买入计入长线核算。
2017-11-13 05:54:00,,,信息,,,Huobi/ETH_BTC 交易对当前买入计入核算，长线持仓价格调整到： 0.047786 ，总持仓数量： 324.6666 ，总持币成本： 15.51468
2017-11-13 05:58:00,,,信息,,,满足日K线金叉之后加仓到 80 %的条件，可以操作买入
2017-11-13 05:58:00,,,信息,,,Huobi_ETH_BTC交易对当前需要快速操作买入加仓到 0.8 ，预计花费 0.003638544000001076
2017-11-13 05:58:00,Huobi,11,买入,市价,0.00363854400000108,
2017-11-13 06:00:00,,,信息,,,Huobi/ETH_BTC 交易对订单 11 买入交易已经成功!成交均价： 0.0525741 ，挂单买入： 0.0036 ，买到数量： 0.0682
2017-11-13 06:00:00,,,信息,,,短线交易开闭处于关闭状态，不做短线交易
2017-11-13 06:00:00,,,信息,,,Huobi/ETH_BTC 交易对现在不允许做短线交易操作，现将直接按长线买入计入长线核算。
2017-11-13 06:00:00,,,信息,,,Huobi/ETH_BTC 交易对当前买入计入核算，长线持仓价格调整到： 0.047787 ，总持仓数量： 324.7348 ，总持币成本： 15.518111
2017-11-13 06:00:00,,,信息,,,满足日K线金叉之后加仓到 80 %的条件，可以操作买入
2017-11-13 06:00:00,,,信息,,,Huobi_ETH_BTC交易对可支付金额不足于购买最小交易量，保仓操作完成。
2017-11-13 18:37:05,,,信息,,,当前基准买入价格 0.0525741 上次买入价格 0.0525741 动态买入点 0.066 当前持仓总量 324.7348
2017-11-13 18:37:05,,,信息,,,Huobi/ETH_BTC交易对准备以 0.0488071 的价格买入 10.309332663695155 个币，当前账户余额为： 4.26821095 。本次下单金额 0.5031686302502358 ，本次预期买入数量 10.309332663695155 ，预期成交价格 0.0488071
2017-11-13 18:37:05,Huobi,12,买入,市价,0.503168630250236,
2017-11-13 18:58:00,,,信息,,,Huobi/ETH_BTC 交易对订单 12 买入交易已经成功!成交均价： 0.0488071 ，挂单买入： 0.5031 ，买到数量： 10.2872
2017-11-13 18:58:00,,,信息,,,短线交易开闭处于关闭状态，不做短线交易
2017-11-13 18:58:00,,,信息,,,Huobi/ETH_BTC 交易对现在不允许做短线交易操作，现将直接按长线买入计入长线核算。
2017-11-13 18:58:00,,,信息,,,Huobi/ETH_BTC 交易对当前买入计入核算，长线持仓价格调整到： 0.047821 ，总持仓数量： 335.022 ，总持币成本： 16.021194
2017-11-15 23:46:00,,,信息,,,当前基准买入价格 0.0488071 上次买入价格 0.0488071 动态买入点 0.07400000000000001 当前持仓总量 335.022
2017-11-15 23:46:00,,,信息,,,Huobi/ETH_BTC交易对准备以 0.0450241 的价格买入 17.193632922774523 个币，当前账户余额为： 3.76511838 。本次下单金额 0.7741278480782924 ，本次预期买入数量 17.193632922774523 ，预期成交价格 0.0450241
2017-11-15 23:46:00,Huobi,13,买入,市价,0.774127848078292,
2017-11-15 23:50:00,,,信息,,,Huobi/ETH_BTC 交易对订单 13 买入交易已经成功!成交均价： 0.0450241 ，挂单买入： 0.7741 ，买到数量： 17.1586
2017-11-15 23:50:00,,,信息,,,短线交易开闭处于关闭状态，不做短线交易
2017-11-15 23:50:00,,,信息,,,Huobi/ETH_BTC 交易对现在不允许做短线交易操作，现将直接按长线买入计入长线核算。
2017-11-15 23:50:00,,,信息,,,Huobi/ETH_BTC 交易对当前买入计入核算，长线持仓价格调整到： 0.047689 ，总持仓数量： 352.18059999999997 ，总持币成本： 16.795183
2017-11-16 18:37:05,,,信息,,,当前基准买入价格 0.0450241 上次买入价格 0.0450241 动态买入点 0.058 当前持仓总量 352.1806
2017-11-16 18:37:05,,,信息,,,Huobi/ETH_BTC交易对准备以 0.0422741 的价格买入 19.90280861414582 个币，当前账户余额为： 2.99102275 。本次下单金额 0.8413733216352618 ，本次预期买入数量 19.90280861414582 ，预期成交价格 0.0422741
2017-11-16 18:37:05,Huobi,14,买入,市价,0.841373321635262,
2017-11-16 18:58:00,,,信息,,,Huobi/ETH_BTC 交易对订单 14 买入交易已经成功!成交均价： 0.0422741 ，挂单买入： 0.8413 ，买到数量： 19.8611
2017-11-16 18:58:00,,,信息,,,短线交易开闭处于关闭状态，不做短线交易
2017-11-16 18:58:00,,,信息,,,Huobi/ETH_BTC 交易对现在不允许做短线交易操作，现将直接按长线买入计入长线核算。
2017-11-16 18:58:00,,,信息,,,Huobi/ETH_BTC 交易对当前买入计入核算，长线持仓价格调整到： 0.047404 ，总持仓数量： 372.04170000000005 ，总持币成本： 17.63643
2017-11-17 02:46:00,,,信息,,,当前基准买入价格 0.0422741 上次买入价格 0.0422741 动态买入点 0.042 当前持仓总量 372.0417
2017-11-17 02:46:00,,,信息,,,Huobi/ETH_BTC交易对准备以 0.0401101 的价格买入 19.754884819846424 个币，当前账户余额为： 2.14973341 。本次下单金额 0.7923704056125221 ，本次预期买入数量 19.754884819846424 ，预期成交价格 0.0401101
2017-11-17 02:46:00,Huobi,15,买入,市价,0.792370405612522,
2017-11-17 02:50:00,,,信息,,,Huobi/ETH_BTC 交易对订单 15 买入交易已经成功!成交均价： 0.0401101 ，挂单买入： 0.7923 ，买到数量： 19.7135
2017-11-17 02:50:00,,,信息,,,短线交易开闭处于关闭状态，不做短线交易
2017-11-17 02:50:00,,,信息,,,Huobi/ETH_BTC 交易对现在不允许做短线交易操作，现将直接按长线买入计入长线核算。
2017-11-17 02:50:00,,,信息,,,Huobi/ETH_BTC 交易对当前买入计入核算，长线持仓价格调整到： 0.047041 ，总持仓数量： 391.7552 ，总持币成本： 18.428557
2017-12-06 08:32:00,,,信息,,,当前基准买入价格 0.0401101 上次买入价格 0.0401101 动态买入点 0.042 当前持仓总量 391.7552
2017-12-06 08:32:00,,,信息,,,Huobi/ETH_BTC交易对准备以 0.0383194 的价格买入 21.344372781190874 个币，当前账户余额为： 1.35744153 。本次下单金额 0.8179035583515656 ，本次预期买入数量 21.344372781190874 ，预期成交价格 0.0383194
2017-12-06 08:32:00,Huobi,16,买入,市价,0.817903558351566,
2017-12-06 08:36:00,,,信息,,,Huobi/ETH_BTC 交易对订单 16 买入交易已经成功!成交均价： 0.0383194 ，挂单买入： 0.8179 ，买到数量： 21.3015
2017-12-06 08:36:00,,,信息,,,短线交易开闭处于关闭状态，不做短线交易
2017-12-06 08:36:00,,,信息,,,Huobi/ETH_BTC 交易对现在不允许做短线交易操作，现将直接按长线买入计入长线核算。
2017-12-06 08:36:00,,,信息,,,Huobi/ETH_BTC 交易对当前买入计入核算，长线持仓价格调整到： 0.046595 ，总持仓数量： 413.0567 ，总持币成本： 19.24645
2017-12-06 10:32:00,,,信息,,,当前基准买入价格 0.0383194 上次买入价格 0.0383194 动态买入点 0.042 当前持仓总量 413.0567
2017-12-06 10:32:00,,,信息,,,Huobi/ETH_BTC交易对准备以 0.0365444 的价格买入 14.764185757598977 个币，当前账户余额为： 0.53954831 。本次下单金额 0.53954831 ，本次预期买入数量 14.764185757598977 ，预期成交价格 0.0365444
2017-12-06 10:32:00,Huobi,17,买入,市价,0.53954831,
2017-12-06 10:36:00,,,信息,,,Huobi/ETH_BTC 交易对订单 17 买入交易已经成功!成交均价： 0.0365444 ，挂单买入： 0.5395 ，买到数量： 14.7332
2017-12-06 10:36:00,,,信息,,,短线交易开闭处于关闭状态，不做短线交易
2017-12-06 10:36:00,,,信息,,,Huobi/ETH_BTC 交易对现在不允许做短线交易操作，现将直接按长线买入计入长线核算。
2017-12-06 10:36:00,,,信息,,,Huobi/ETH_BTC 交易对当前买入计入核算，长线持仓价格调整到： 0.046251 ，总持仓数量： 427.7899 ，总持币成本： 19.78587
2018-01-09 14:32:00,,,信息,,,Huobi/ETH_BTC交易对准备以大约 0.0800719 的价格卖出 12 个币，当前持仓总量 427.7899 动态卖出点 0.2 基准卖出价 0.046251
2018-01-09 14:32:00,Huobi,18,卖出,市价,12,
2018-01-09 14:36:00,,,收益,0.403929,,
2018-01-09 14:36:00,,,信息,,,Huobi/ETH_BTC 交易对订单 18 交易成功!平均卖出价格： 0.0800719 ，平均持仓价格： 0.046251 ，卖出数量： 12 ，毛收盈： 0.403929 ，累计毛收盈： 0.403929
2018-01-10 11:46:00,,,信息,,,Huobi/ETH_BTC交易对准备以大约 0.0974619 的价格卖出 25.286865148861644 个币，当前持仓总量 415.7899 动态卖出点 0.195 基准卖出价 0.0800719
2018-01-10 11:46:00,Huobi,19,卖出,市价,25.2868651488616,
2018-01-10 11:50:00,,,收益,1.69396,,
2018-01-10 11:50:00,,,信息,,,Huobi/ETH_BTC 交易对订单 19 交易成功!平均卖出价格： 0.0974619 ，平均持仓价格： 0.046251 ，卖出数量： 25.2868 ，毛收盈： 1.290031 ，累计毛收盈： 1.69396
2018-01-11 06:37:05,,,信息,,,"在超过60%浮盈后币价出现了超过15%的回撤,操作开仓止盈。"
2018-01-11 06:37:05,,,信息,,,Huobi/ETH_BTC交易对准备以大约 0.0843849 的价格卖出 21.89398715703444 个币，当前持仓总量 390.5031 动态卖出点 0.19 基准卖出价 0.0974619
2018-01-11 06:37:05,Huobi,20,卖出,市价,21.8939871570344,
2018-01-11 06:58:00,,,收益,2.525165,,
2018-01-11 06:58:00,,,信息,,,Huobi/ETH_BTC 交易对订单 20 交易成功!平均卖出价格： 0.0843849 ，平均持仓价格： 0.046251 ，卖出数量： 21.8939 ，毛收盈： 0.831205 ，累计毛收盈： 2.525165
2018-01-11 07:32:00,,,信息,,,"在超过60%浮盈后币价出现了超过15%的回撤,操作开仓止盈。"
2018-01-11 07:32:00,,,信息,,,Huobi/ETH_BTC交易对准备以大约 0.0840965 的价格卖出 21.819160666796392 个币，当前持仓总量 368.6092 动态卖出点 0.185 基准卖出价 0.0843849
2018-01-11 07:32:00,Huobi,21,卖出,市价,21.8191606667964,
2018-01-11 07:36:00,,,收益,3.34725,,
2018-01-11 07:36:00,,,信息,,,Huobi/ETH_BTC 交易对订单 21 交易成功!平均卖出价格： 0.0840965 ，平均持仓价格： 0.046251 ，卖出数量： 21.8191 ，毛收盈： 0.822085 ，累计毛收盈： 3.34725
2018-01-11 07:36:00,,,信息,,,"在超过60%浮盈后币价出现了超过15%的回撤,操作开仓止盈。"
2018-01-11 07:36:00,,,信息,,,Huobi/ETH_BTC交易对准备以大约 0.0843137 的价格卖出 21.875514042939614 个币，当前持仓总量 346.7901 动态卖出点 0.18 基准卖出价 0.0840965
2018-01-11 07:36:00,Huobi,22,卖出,市价,21.8755140429396,
2018-01-11 07:46:00,,,收益,4.176202,,
2018-01-11 07:46:00,,,信息,,,Huobi/ETH_BTC 交易对订单 22 交易成功!平均卖出价格： 0.0843137 ，平均持仓价格： 0.046251 ，卖出数量： 21.8755 ，毛收盈： 0.828952 ，累计毛收盈： 4.176202
2018-01-11 07:46:00,,,信息,,,"在超过60%浮盈后币价出现了超过15%的回撤,操作开仓止盈。"
2018-01-11 07:46:00,,,信息,,,Huobi/ETH_BTC交易对准备以大约 0.0830109 的价格卖出 21.537497567620157 个币，当前持仓总量 324.9146 动态卖出点 0.175 基准卖出价 0.0843137
2018-01-11 07:46:00,Huobi,23,卖出,市价,21.5374975676202,
2018-01-11 07:50:00,,,收益,4.964339,,
2018-01-11 07:50:00,,,信息,,,Huobi/ETH_BTC 交易对订单 23 交易成功!平均卖出价格： 0.0830109 ，平均持仓价格： 0.046251 ，卖出数量： 21.5374 ，毛收盈： 0.788137 ，累计毛收盈： 4.964339
2018-01-11 07:50:00,,,信息,,,"在超过60%浮盈后币价出现了超过15%的回撤,操作开仓止盈。"
2018-01-11 07:50:00,,,信息,,,Huobi/ETH_BTC交易对准备以大约 0.0838179 的价格卖出 21.746876824284882 个币，当前持仓总量 303.3772 动态卖出点 0.16999999999999998 基准卖出价 0.0830109
2018-01-11 07:50:00,Huobi,24,卖出,市价,21.7468768242849,
2018-01-11 07:54:00,,,收益,5.777653,,
2018-01-11 07:54:00,,,信息,,,Huobi/ETH_BTC 交易对订单 24 交易成功!平均卖出价格： 0.0838179 ，平均持仓价格： 0.046251 ，卖出数量： 21.7468 ，毛收盈： 0.813314 ，累计毛收盈： 5.777653
2018-01-11 07:54:00,,,信息,,,"在超过60%浮盈后币价出现了超过15%的回撤,操作开仓止盈。"
2018-01-11 07:54:00,,,信息,,,Huobi/ETH_BTC交易对准备以大约 0.0835489 的价格卖出 21.677083738729973 个币，当前持仓总量 281.6304 动态卖出点 0.16499999999999998 基准卖出价 0.0838179
2018-01-11 07:54:00,Huobi,25,卖出,市价,21.67708373873,
2018-01-11 07:58:00,,,收益,6.582537,,
2018-01-11 07:58:00,,,信息,,,Huobi/ETH_BTC 交易对订单 25 交易成功!平均卖出价格： 0.0835489 ，平均持仓价格： 0.046251 ，卖出数量： 21.677 ，毛收盈： 0.804884 ，累计毛收盈： 6.582537
2018-01-11 07:58:00,,,信息,,,"在超过60%浮盈后币价出现了超过15%的回撤,操作开仓止盈。"
2018-01-11 07:58:00,,,信息,,,Huobi/ETH_BTC交易对准备以大约 0.0840869 的价格卖出 21.81666990983979 个币，当前持仓总量 259.9534 动态卖出点 0.15999999999999998 基准卖出价 0.0835489
2018-01-11 07:58:00,Huobi,26,卖出,市价,21.8166699098398,
2018-01-11 08:00:00,,,收益,7.404319,,
2018-01-11 08:00:00,,,信息,,,Huobi/ETH_BTC 交易对订单 26 交易成功!平均卖出价格： 0.0840869 ，平均持仓价格： 0.046251 ，卖出数量： 21.8166 ，毛收盈： 0.821782 ，累计毛收盈： 7.404319
2018-01-11 08:00:00,,,信息,,,"在超过60%浮盈后币价出现了超过15%的回撤,操作开仓止盈。"
2018-01-11 08:00:00,,,信息,,,Huobi/ETH_BTC交易对准备以大约 0.0844029 的价格卖出 21.89865732632808 个币，当前持仓总量 238.1368 动态卖出点 0.15499999999999997 基准卖出价 0.0840869
2018-01-11 08:00:00,Huobi,27,卖出,市价,21.8986573263281,
2018-01-11 08:04:00,,,收益,8.236096,,
2018-01-11 08:04:00,,,信息,,,Huobi/ETH_BTC 交易对订单 27 交易成功!平均卖出价格： 0.0844029 ，平均持仓价格： 0.046251 ，卖出数量： 21.8986 ，毛收盈： 0.831777 ，累计毛收盈： 8.236096
2018-01-11 08:04:00,,,信息,,,"在超过60%浮盈后币价出现了超过15%的回撤,操作开仓止盈。"
2018-01-11 08:04:00,,,信息,,,Huobi/ETH_BTC交易对准备以大约 0.0841576 的价格卖出 21.835013297009795 个币，当前持仓总量 216.2382 动态卖出点 0.14999999999999997 基准卖出价 0.0844029
2018-01-11 08:04:00,Huobi,28,卖出,市价,21.8350132970098,
2018-01-11 08:08:00,,,收益,9.060111,,
2018-01-11 08:08:00,,,信息,,,Huobi/ETH_BTC 交易对订单 28 交易成功!平均卖出价格： 0.0841576 ，平均持仓价格： 0.046251 ，卖出数量： 21.835 ，毛收盈： 0.824015 ，累计毛收盈： 9.060111
2018-01-11 08:08:00,,,信息,,,"在超过60%浮盈后币价出现了超过15%的回撤,操作开仓止盈。"
2018-01-11 08:08:00,,,信息,,,Huobi/ETH_BTC交易对准备以大约 0.0842394 的价格卖出 21.856236621910877 个币，当前持仓总量 194.4032 动态卖出点 0.14499999999999996 基准卖出价 0.0841576
2018-01-11 08:08:00,Huobi,29,卖出,市价,21.8562366219109,
2018-01-11 08:12:00,,,收益,9.886711,,
2018-01-11 08:12:00,,,信息,,,Huobi/ETH_BTC 交易对订单 29 交易成功!平均卖出价格： 0.0842394 ，平均持仓价格： 0.046251 ，卖出数量： 21.8562 ，毛收盈： 0.8266 ，累计毛收盈： 9.886710999999998
2018-01-11 08:12:00,,,信息,,,"在超过60%浮盈后币价出现了超过15%的回撤,操作开仓止盈。"
2018-01-11 08:12:00,,,信息,,,Huobi/ETH_BTC交易对准备以大约 0.0840759 的价格卖出 21.813815917493674 个币，当前持仓总量 172.547 动态卖出点 0.13999999999999996 基准卖出价 0.0842394
2018-01-11 08:12:00,Huobi,30,卖出,市价,21.8138159174937,
2018-01-11 08:20:00,,,收益,10.708148,,
2018-01-11 08:20:00,,,信息,,,Huobi/ETH_BTC 交易对订单 30 交易成功!平均卖出价格： 0.0840759 ，平均持仓价格： 0.046251 ，卖出数量： 21.8138 ，毛收盈： 0.821437 ，累计毛收盈： 10.708147999999998
2018-01-14 00:46:00,,,信息,,,Huobi/ETH_BTC交易对准备以大约 0.0960419 的价格卖出 24.918440682363627 个币，当前持仓总量 150.7332 动态卖出点 0.13499999999999995 基准卖出价 0.0840759
2018-01-14 00:46:00,Huobi,31,卖出,市价,24.9184406823636,
2018-01-14 00:50:00,,,收益,11.944071,,
2018-01-14 00:50:00,,,信息,,,Huobi/ETH_BTC 交易对订单 31 交易成功!平均卖出价格： 0.0960419 ，平均持仓价格： 0.046251 ，卖出数量： 24.9184 ，毛收盈： 1.235923 ，累计毛收盈： 11.944070999999997
2018-01-16 18:37:05,,,信息,,,满足时K线跌超70% 加仓到 0.9 %的条件，可以操作买入
2018-01-16 18:37:05,,,信息,,,Huobi_ETH_BTC交易对当前需要快速操作买入加仓到 0.9 ，预计花费 22.690624715
2018-01-16 18:37:05,Huobi,32,买入,市价,22.690624715,
2018-01-16 18:58:00,,,信息,,,Huobi/ETH_BTC 交易对订单 32 买入交易已经成功!成交均价： 0.0500001 ，挂单买入： 22.6906 ，买到数量： 452.9033
2018-01-16 18:58:00,,,信息,,,短线交易开闭处于关闭状态，不做短线交易
2018-01-16 18:58:00,,,信息,,,Huobi/ETH_BTC 交易对现在不允许做短线交易操作，现将直接按长线买入计入长线核算。
2018-01-16 18:58:00,,,信息,,,Huobi/ETH_BTC 交易对当前买入计入核算，长线持仓价格调整到： 0.049263 ，总持仓数量： 578.7181 ，总持币成本： 28.509561
2018-01-16 18:58:00,,,信息,,,Huobi/ETH_BTC交易对超跌抄底买入了 452.90330000000006 个币，抄底价格不具有持仓优势，当前回升超过8成，操作平仓
2018-01-16 18:58:00,Huobi,33,卖出,市价,452.9033,
2018-01-16 19:00:00,,,收益,28.901289,,
2018-01-16 19:00:00,,,信息,,,Huobi/ETH_BTC 交易对订单 33 交易成功!平均卖出价格： 0.0868779 ，平均持仓价格： 0.049263 ，卖出数量： 452.9033 ，毛收盈： 16.957218 ，累计毛收盈： 28.901289
2018-01-16 19:00:00,,,信息,,,Huobi/ETH_BTC交易对已经完成了超跌抄底的平仓工作。
2018-01-16 19:04:00,,,信息,,,满足时K线跌超16.61% 加仓到 0.287506268585205 %的条件，可以操作买入
2018-01-16 19:04:00,,,信息,,,Huobi_ETH_BTC交易对当前需要快速操作买入加仓到 0.287506268585205 ，预计花费 5.229439567000002
2018-01-16 19:04:00,Huobi,34,买入,市价,5.229439567,
2018-01-16 19:08:00,,,信息,,,Huobi/ETH_BTC 交易对订单 34 买入交易已经成功!成交均价： 0.0779363 ，挂单买入： 5.2294 ，买到数量： 66.9641
2018-01-16 19:08:00,,,信息,,,短线交易开闭处于关闭状态，不做短线交易
2018-01-16 19:08:00,,,信息,,,Huobi/ETH_BTC 交易对现在不允许做短线交易操作，现将直接按长线买入计入长线核算。
2018-01-16 19:08:00,,,信息,,,Huobi/ETH_BTC 交易对当前买入计入核算，长线持仓价格调整到： 0.059277 ，总持仓数量： 192.77890000000002 ，总持币成本： 11.427387
2018-01-16 19:08:00,,,信息,,,发生了超跌抄底，不操作以下代码，直接退出
2018-01-16 19:32:00,,,信息,,,Huobi/ETH_BTC交易对超跌抄底买入了 66.96409999999999 个币，抄底价格不具有持仓优势，当前回升超过8成，操作平仓
2018-01-16 19:32:00,Huobi,35,卖出,市价,66.9641,
2018-01-16 19:36:00,,,收益,30.764291,,
2018-01-16 19:36:00,,,信息,,,Huobi/ETH_BTC 交易对订单 35 交易成功!平均卖出价格： 0.0872725 ，平均持仓价格： 0.059277 ，卖出数量： 66.964 ，毛收盈： 1.863002 ，累计毛收盈： 30.764291
2018-01-16 19:36:00,,,信息,,,Huobi/ETH_BTC交易对已经完成了超跌抄底的平仓工作。
2018-01-17 19:32:00,,,信息,,,"在超过60%浮盈后币价出现了超过15%的回撤,操作开仓止盈。"
2018-01-17 19:32:00,,,信息,,,在超过60%浮盈后币价出现了超过15%的回撤，减仓到4成并调整动态卖出点减半，期望余下的40%的仓位还可以卖个好价
2018-01-17 19:46:00,,,信息,,,满足时K线跌超16.22% 加仓到 0.28328401608715137 %的条件，可以操作买入
2018-01-17 19:46:00,,,信息,,,Huobi_ETH_BTC交易对当前需要快速操作买入加仓到 0.28328401608715137 ，预计花费 5.2762435079999985
2018-01-17 19:46:00,Huobi,36,买入,市价,5.276243508,
2018-01-17 19:50:00,,,信息,,,Huobi/ETH_BTC 交易对订单 36 买入交易已经成功!成交均价： 0.0768631 ，挂单买入： 5.2762 ，买到数量： 68.5068
2018-01-17 19:50:00,,,信息,,,短线交易开闭处于关闭状态，不做短线交易
2018-01-17 19:50:00,,,信息,,,Huobi/ETH_BTC 交易对现在不允许做短线交易操作，现将直接按长线买入计入长线核算。
2018-01-17 19:50:00,,,信息,,,Huobi/ETH_BTC 交易对当前买入计入核算，长线持仓价格调整到： 0.065531 ，总持仓数量： 194.3217 ，总持币成本： 12.734106
2018-01-17 19:50:00,,,信息,,,发生了超跌抄底，不操作以下代码，直接退出
2018-01-17 20:50:00,,,信息,,,Huobi/ETH_BTC交易对超跌抄底买入了 68.5068 个币，抄底价格不具有持仓优势，当前回升超过8成，操作平仓
2018-01-17 20:50:00,Huobi,37,卖出,市价,68.5068,
2018-01-17 20:54:00,,,收益,32.016318,,
2018-01-17 20:54:00,,,信息,,,Huobi/ETH_BTC 交易对订单 37 交易成功!平均卖出价格： 0.0839749 ，平均持仓价格： 0.065531 ，卖出数量： 68.5068 ，毛收盈： 1.252027 ，累计毛收盈： 32.016318
2018-01-17 20:54:00,,,信息,,,本次卖出为抄底平仓，不执行以下代码，直接退出
2018-01-17 20:54:00,,,信息,,,Huobi/ETH_BTC交易对已经完成了超跌抄底的平仓工作。
2018-01-26 15:46:00,,,信息,,,Huobi/ETH_BTC交易对准备以大约 0.0959999 的价格卖出 17.57944789488944 个币，当前持仓总量 125.8149 动态卖出点 0.095 基准卖出价 0.0872725
2018-01-26 15:46:00,Huobi,38,卖出,市价,17.5794478948894,
2018-01-26 15:50:00,,,收益,32.548568,,
2018-01-26 15:50:00,,,信息,,,Huobi/ETH_BTC 交易对订单 38 交易成功!平均卖出价格： 0.0959999 ，平均持仓价格： 0.065531 ，卖出数量： 17.5794 ，毛收盈： 0.53225 ，累计毛收盈： 32.548567999999996
2018-02-01 18:20:00,,,信息,,,Huobi/ETH_BTC交易对准备以大约 0.1150252 的价格卖出 21.063350170148475 个币，当前持仓总量 108.2355 动态卖出点 0.195 基准卖出价 0.0959999
2018-02-01 18:20:00,Huobi,39,卖出,市价,21.0633501701485,
2018-02-01 18:24:00,,,收益,33.586234,,
2018-02-01 18:24:00,,,信息,,,Huobi/ETH_BTC 交易对订单 39 交易成功!平均卖出价格： 0.1150252 ，平均持仓价格： 0.065531 ，卖出数量： 21.0633 ，毛收盈： 1.037666 ，累计毛收盈： 33.586234
2018-02-15 16:32:00,,,信息,,,进入了死叉，对现有获利盘持仓进行平仓。
2018-02-15 16:32:00,,,信息,,,Huobi/ETH_BTC交易对准备以大约 0.0956209 的价格卖出 17.51004562726038 个币，当前持仓总量 87.1722 动态卖出点 0.29500000000000004 基准卖出价 0.1150252
2018-02-15 16:32:00,Huobi,40,卖出,市价,17.5100456272604,
2018-02-15 16:36:00,,,收益,34.10976,,
2018-02-15 16:36:00,,,信息,,,Huobi/ETH_BTC 交易对订单 40 交易成功!平均卖出价格： 0.0956209 ，平均持仓价格： 0.065531 ，卖出数量： 17.51 ，毛收盈： 0.523526 ，累计毛收盈： 34.109759999999994
2018-02-15 16:36:00,,,信息,,,进入了死叉，对现有获利盘持仓进行平仓。
2018-02-15 16:36:00,,,信息,,,Huobi/ETH_BTC交易对准备以大约 0.0956709 的价格卖出 17.519201599243104 个币，当前持仓总量 69.6622 动态卖出点 0.395 基准卖出价 0.0956209
2018-02-15 16:36:00,Huobi,41,卖出,市价,17.5192015992431,
2018-02-15 16:46:00,,,收益,34.634435,,
2018-02-15 16:46:00,,,信息,,,Huobi/ETH_BTC 交易对订单 41 交易成功!平均卖出价格： 0.0956709 ，平均持仓价格： 0.065531 ，卖出数量： 17.5192 ，毛收盈： 0.524675 ，累计毛收盈： 34.634434999999996
2018-02-15 16:46:00,,,信息,,,进入了死叉，对现有获利盘持仓进行平仓。
2018-02-15 16:46:00,,,信息,,,Huobi/ETH_BTC交易对准备以大约 0.0953709 的价格卖出 17.46426576734675 个币，当前持仓总量 52.143 动态卖出点 0.495 基准卖出价 0.0956709
2018-02-15 16:46:00,Huobi,42,卖出,市价,17.4642657673467,
2018-02-15 16:50:00,,,收益,35.152234,,
2018-02-15 16:50:00,,,信息,,,Huobi/ETH_BTC 交易对订单 42 交易成功!平均卖出价格： 0.0953709 ，平均持仓价格： 0.065531 ，卖出数量： 17.4642 ，毛收盈： 0.517799 ，累计毛收盈： 35.15223399999999
2018-02-15 16:50:00,,,信息,,,进入了死叉，对现有获利盘持仓进行平仓。
2018-02-15 16:50:00,,,信息,,,Huobi/ETH_BTC交易对准备以大约 0.0956341 的价格卖出 17.51246280386382 个币，当前持仓总量 34.6788 动态卖出点 0.595 基准卖出价 0.0953709
2018-02-15 16:50:00,Huobi,43,卖出,市价,17.5124628038638,
2018-02-15 16:54:00,,,收益,35.676062,,
2018-02-15 16:54:00,,,信息,,,Huobi/ETH_BTC 交易对订单 43 交易成功!平均卖出价格： 0.0956341 ，平均持仓价格： 0.065531 ，卖出数量： 17.5124 ，毛收盈： 0.523828 ，累计毛收盈： 35.676061999999995
2018-02-15 16:54:00,,,信息,,,进入了死叉，对现有获利盘持仓进行平仓。
2018-02-15 16:54:00,,,信息,,,Huobi/ETH_BTC交易对准备以大约 0.0955464 的价格卖出 17.1664 个币，当前持仓总量 17.1664 动态卖出点 0.695 基准卖出价 0.0956341
2018-02-15 16:54:00,Huobi,44,卖出,市价,17.1664,
2018-02-15 16:58:00,,,收益,36.188038,,
2018-02-15 16:58:00,,,信息,,,Huobi/ETH_BTC 交易对订单 44 交易成功!平均卖出价格： 0.0955464 ，平均持仓价格： 0.065531 ，卖出数量： 17.1664 ，毛收盈： 0.511976 ，累计毛收盈： 36.18803799999999
2018-02-15 16:58:00,,,信息,,,Huobi/ETH_BTC 交易对空仓至最小持币量，将指导买入价调整为 0.080539
2018-02-15 17:00:00,,,信息,,,当前已经完成平仓，但币价继续上升，适当调整买入指导价以防止指导价过低无法买入。从 0.080539 调到 0.08070455
2018-02-15 17:04:00,,,信息,,,当前已经完成平仓，但币价继续上升，适当调整买入指导价以防止指导价过低无法买入。从 0.08070455 调到 0.08074615
2018-02-15 17:12:00,,,信息,,,当前已经完成平仓，但币价继续上升，适当调整买入指导价以防止指导价过低无法买入。从 0.08074615 调到 0.08076005
2018-02-15 18:12:00,,,信息,,,当前已经完成平仓，但币价继续上升，适当调整买入指导价以防止指导价过低无法买入。从 0.08076005 调到 0.08080755
2018-03-03 10:32:00,,,信息,,,当前基准买入价格 0.08080755 上次买入价格 0.08080755 动态买入点 0.05 当前持仓总量 0
2018-03-03 10:32:00,,,信息,,,Huobi/ETH_BTC交易对准备以 0.0765917 的价格买入 27 个币，当前账户余额为： 55.97358832 。本次下单金额 2.0679759 ，本次预期买入数量 27 ，预期成交价格 0.0765917
2018-03-03 10:32:00,Huobi,45,买入,市价,2.0679759,
2018-03-03 10:36:00,,,信息,,,Huobi/ETH_BTC 交易对订单 45 买入交易已经成功!成交均价： 0.0765917 ，挂单买入： 2.0679 ，买到数量： 26.945
2018-03-03 10:36:00,,,信息,,,Huobi/ETH_BTC 交易对当前买入计入核算，长线持仓价格调整到： 0.076745 ，总持仓数量： 26.945 ，总持币成本： 2.067891
2018-03-17 04:46:00,,,信息,,,当前基准买入价格 0.0765917 上次买入价格 0.0765917 动态买入点 0.058 当前持仓总量 26.945
2018-03-17 04:46:00,,,信息,,,Huobi/ETH_BTC交易对准备以 0.0718731 的价格买入 36.94122796273372 个币，当前账户余额为： 53.90569744 。本次下单金额 2.655080571488357 ，本次预期买入数量 36.94122796273372 ，预期成交价格 0.0718731
2018-03-17 04:46:00,Huobi,46,买入,市价,2.65508057148836,
2018-03-17 04:50:00,,,信息,,,Huobi/ETH_BTC 交易对订单 46 买入交易已经成功!成交均价： 0.0718731 ，挂单买入： 2.655 ，买到数量： 36.8662
2018-03-17 04:50:00,,,信息,,,短线交易开闭处于关闭状态，不做短线交易
2018-03-17 04:50:00,,,信息,,,Huobi/ETH_BTC 交易对现在不允许做短线交易操作，现将直接按长线买入计入长线核算。
2018-03-17 04:50:00,,,信息,,,Huobi/ETH_BTC 交易对当前买入计入核算，长线持仓价格调整到： 0.074013 ，总持仓数量： 63.8112 ，总持币成本： 4.722881
2018-03-18 16:46:00,,,信息,,,当前基准买入价格 0.0718731 上次买入价格 0.0718731 动态买入点 0.066 当前持仓总量 63.8112
2018-03-18 16:46:00,,,信息,,,Huobi/ETH_BTC交易对准备以 0.0668371 的价格买入 44.27730777025658 个币，当前账户余额为： 51.25070998 。本次下单金额 2.959366847171416 ，本次预期买入数量 44.27730777025658 ，预期成交价格 0.0668371
2018-03-18 16:46:00,Huobi,47,买入,市价,2.95936684717142,
2018-03-18 16:50:00,,,信息,,,Huobi/ETH_BTC 交易对订单 47 买入交易已经成功!成交均价： 0.0668371 ，挂单买入： 2.9593 ，买到数量： 44.1877
2018-03-18 16:50:00,,,信息,,,短线交易开闭处于关闭状态，不做短线交易
2018-03-18 16:50:00,,,信息,,,Huobi/ETH_BTC 交易对现在不允许做短线交易操作，现将直接按长线买入计入长线核算。
2018-03-18 16:50:00,,,信息,,,Huobi/ETH_BTC 交易对当前买入计入核算，长线持仓价格调整到： 0.071132 ，总持仓数量： 107.99889999999999 ，总持币成本： 7.682143
2018-03-20 18:46:00,,,信息,,,当前基准买入价格 0.0668371 上次买入价格 0.0668371 动态买入点 0.07400000000000001 当前持仓总量 107.9989
2018-03-20 18:46:00,,,信息,,,Huobi/ETH_BTC交易对准备以 0.0616661 的价格买入 53.58841056064781 个币，当前账户余额为： 48.2914255 。本次下单金额 3.304588284473964 ，本次预期买入数量 53.58841056064781 ，预期成交价格 0.0616661
2018-03-20 18:46:00,Huobi,48,买入,市价,3.30458828447396,
2018-03-20 18:50:00,,,信息,,,Huobi/ETH_BTC 交易对订单 48 买入交易已经成功!成交均价： 0.0616661 ，挂单买入： 3.3045 ，买到数量： 53.4797
2018-03-20 18:50:00,,,信息,,,短线交易开闭处于关闭状态，不做短线交易
2018-03-20 18:50:00,,,信息,,,Huobi/ETH_BTC 交易对现在不允许做短线交易操作，现将直接按长线买入计入长线核算。
2018-03-20 18:50:00,,,信息,,,Huobi/ETH_BTC 交易对当前买入计入核算，长线持仓价格调整到： 0.068038 ，总持仓数量： 161.4786 ，总持币成本： 10.986658
2018-03-29 03:32:00,,,信息,,,当前基准买入价格 0.0616661 上次买入价格 0.0616661 动态买入点 0.08200000000000002 当前持仓总量 161.4786
2018-03-29 03:32:00,,,信息,,,Huobi/ETH_BTC交易对准备以 0.0564847 的价格买入 64.5951765190041 个币，当前账户余额为： 44.98694521 。本次下单金额 3.6486391671229907 ，本次预期买入数量 64.5951765190041 ，预期成交价格 0.0564847
2018-03-29 03:32:00,Huobi,49,买入,市价,3.64863916712299,
2018-03-29 03:36:00,,,信息,,,Huobi/ETH_BTC 交易对订单 49 买入交易已经成功!成交均价： 0.0564847 ，挂单买入： 3.6486 ，买到数量： 64.4652
2018-03-29 03:36:00,,,信息,,,短线交易开闭处于关闭状态，不做短线交易
2018-03-29 03:36:00,,,信息,,,Huobi/ETH_BTC 交易对现在不允许做短线交易操作，现将直接按长线买入计入长线核算。
2018-03-29 03:36:00,,,信息,,,Huobi/ETH_BTC 交易对当前买入计入核算，长线持仓价格调整到： 0.064774 ，总持仓数量： 225.9438 ，总持币成本： 14.635261
2018-04-13 15:46:00,,,信息,,,满足日K线金叉之后加仓到 32.129817251909444 %的条件，可以操作买入
2018-04-13 15:46:00,,,信息,,,Huobi_ETH_BTC交易对当前需要快速操作买入加仓到 0.3212981725190944 ，预计花费 3.5495273192785692
2018-04-13 15:46:00,Huobi,50,买入,市价,3.54952731927857,
2018-04-13 15:50:00,,,信息,,,Huobi/ETH_BTC 交易对订单 50 买入交易已经成功!成交均价： 0.0634661 ，挂单买入： 3.5495 ，买到数量： 55.8155
2018-04-13 15:50:00,,,信息,,,短线交易开闭处于关闭状态，不做短线交易
2018-04-13 15:50:00,,,信息,,,Huobi/ETH_BTC 交易对现在不允许做短线交易操作，现将直接按长线买入计入长线核算。
2018-04-13 15:50:00,,,信息,,,Huobi/ETH_BTC 交易对当前买入计入核算，长线持仓价格调整到： 0.06454 ，总持仓数量： 281.7593 ，总持币成本： 18.184761
2018-04-13 15:54:00,,,信息,,,满足日K线金叉之后加仓到 40.1594297028009 %的条件，可以操作买入
2018-04-13 15:54:00,,,信息,,,Huobi_ETH_BTC交易对当前需要快速操作买入加仓到 0.401594297028009 ，预计花费 4.497707625417576
2018-04-13 15:54:00,Huobi,51,买入,市价,4.49770762541758,
2018-04-13 15:58:00,,,信息,,,Huobi/ETH_BTC 交易对订单 51 买入交易已经成功!成交均价： 0.0633316 ，挂单买入： 4.4977 ，买到数量： 70.8761
2018-04-13 15:58:00,,,信息,,,短线交易开闭处于关闭状态，不做短线交易
2018-04-13 15:58:00,,,信息,,,Huobi/ETH_BTC 交易对现在不允许做短线交易操作，现将直接按长线买入计入长线核算。
2018-04-13 15:58:00,,,信息,,,Huobi/ETH_BTC 交易对当前买入计入核算，长线持仓价格调整到： 0.064323 ，总持仓数量： 352.6354 ，总持币成本： 22.682419
2018-04-13 16:20:00,,,信息,,,满足日K线金叉之后加仓到 50.54617950416187 %的条件，可以操作买入
2018-04-13 16:20:00,,,信息,,,Huobi_ETH_BTC交易对当前需要快速操作买入加仓到 0.5054617950416187 ，预计花费 5.743747151012084
2018-04-13 16:20:00,Huobi,52,买入,市价,5.74374715101208,
2018-04-13 16:24:00,,,信息,,,Huobi/ETH_BTC 交易对订单 52 买入交易已经成功!成交均价： 0.0635564 ，挂单买入： 5.7437 ，买到数量： 90.1909
2018-04-13 16:24:00,,,信息,,,短线交易开闭处于关闭状态，不做短线交易
2018-04-13 16:24:00,,,信息,,,Huobi/ETH_BTC 交易对现在不允许做短线交易操作，现将直接按长线买入计入长线核算。
2018-04-13 16:24:00,,,信息,,,Huobi/ETH_BTC 交易对当前买入计入核算，长线持仓价格调整到： 0.064193 ，总持仓数量： 442.8263 ，总持币成本： 28.42624
2018-04-13 16:24:00,,,信息,,,满足日K线金叉之后加仓到 63.560984302254084 %的条件，可以操作买入
2018-04-13 16:24:00,,,信息,,,Huobi_ETH_BTC交易对当前需要快速操作买入加仓到 0.6356098430225409 ，预计花费 7.271743594384901
2018-04-13 16:24:00,Huobi,53,买入,市价,7.2717435943849,
2018-04-13 16:32:00,,,信息,,,Huobi/ETH_BTC 交易对订单 53 买入交易已经成功!成交均价： 0.0634461 ，挂单买入： 7.2717 ，买到数量： 114.3829
2018-04-13 16:32:00,,,信息,,,短线交易开闭处于关闭状态，不做短线交易
2018-04-13 16:32:00,,,信息,,,Huobi/ETH_BTC 交易对现在不允许做短线交易操作，现将直接按长线买入计入长线核算。
2018-04-13 16:32:00,,,信息,,,Huobi/ETH_BTC 交易对当前买入计入核算，长线持仓价格调整到： 0.064066 ，总持仓数量： 557.2092 ，总持币成本： 35.698012
2018-04-13 16:32:00,,,信息,,,满足日K线金叉之后加仓到 80 %的条件，可以操作买入
2018-04-13 16:32:00,,,信息,,,Huobi_ETH_BTC交易对当前需要快速操作买入加仓到 0.8 ，预计花费 9.076432992
2018-04-13 16:32:00,Huobi,54,买入,市价,9.076432992,
2018-04-13 16:36:00,,,信息,,,Huobi/ETH_BTC 交易对订单 54 买入交易已经成功!成交均价： 0.0641077 ，挂单买入： 9.0764 ，买到数量： 141.2972
2018-04-13 16:36:00,,,信息,,,短线交易开闭处于关闭状态，不做短线交易
2018-04-13 16:36:00,,,信息,,,Huobi/ETH_BTC 交易对现在不允许做短线交易操作，现将直接按长线买入计入长线核算。
2018-04-13 16:36:00,,,信息,,,Huobi/ETH_BTC 交易对当前买入计入核算，长线持仓价格调整到： 0.0641 ，总持仓数量： 698.5064 ，总持币成本： 44.77452
2018-04-13 16:36:00,,,信息,,,满足日K线金叉之后加仓到 80 %的条件，可以操作买入
2018-04-13 16:36:00,,,信息,,,Huobi_ETH_BTC交易对当前需要快速操作买入加仓到 0.8 ，预计花费 0.019099400000001765
2018-04-13 16:36:00,Huobi,55,买入,市价,0.0190994000000018,
2018-04-13 16:46:00,,,信息,,,Huobi/ETH_BTC 交易对订单 55 买入交易已经成功!成交均价： 0.0639975 ，挂单买入： 0.019 ，买到数量： 0.2962
2018-04-13 16:46:00,,,信息,,,短线交易开闭处于关闭状态，不做短线交易
2018-04-13 16:46:00,,,信息,,,Huobi/ETH_BTC 交易对现在不允许做短线交易操作，现将直接按长线买入计入长线核算。
2018-04-13 16:46:00,,,信息,,,Huobi/ETH_BTC 交易对当前买入计入核算，长线持仓价格调整到： 0.0641 ，总持仓数量： 698.8026 ，总持币成本： 44.793254
2018-04-13 17:58:00,,,信息,,,满足日K线金叉之后加仓到 80 %的条件，可以操作买入
2018-04-13 17:58:00,,,信息,,,Huobi_ETH_BTC交易对当前需要快速操作买入加仓到 0.8 ，预计花费 0.09380842400000233
2018-04-13 17:58:00,Huobi,56,买入,市价,0.0938084240000023,
2018-04-13 18:00:00,,,信息,,,Huobi/ETH_BTC 交易对订单 56 买入交易已经成功!成交均价： 0.0633271 ，挂单买入： 0.0938 ，买到数量： 1.4781
2018-04-13 18:00:00,,,信息,,,短线交易开闭处于关闭状态，不做短线交易
2018-04-13 18:00:00,,,信息,,,Huobi/ETH_BTC 交易对现在不允许做短线交易操作，现将直接按长线买入计入长线核算。
2018-04-13 18:00:00,,,信息,,,Huobi/ETH_BTC 交易对当前买入计入核算，长线持仓价格调整到： 0.064099 ，总持仓数量： 700.2807 ，总持币成本： 44.887038
2018-04-13 22:46:00,,,信息,,,满足日K线金叉之后加仓到 80 %的条件，可以操作买入
2018-04-13 22:46:00,,,信息,,,Huobi_ETH_BTC交易对当前需要快速操作买入加仓到 0.8 ，预计花费 0.005517032000007305
2018-04-13 22:46:00,Huobi,57,买入,市价,0.0055170320000073,
2018-04-13 22:50:00,,,信息,,,Huobi/ETH_BTC 交易对订单 57 买入交易已经成功!成交均价： 0.0632881 ，挂单买入： 0.0055 ，买到数量： 0.0867
2018-04-13 22:50:00,,,信息,,,短线交易开闭处于关闭状态，不做短线交易
2018-04-13 22:50:00,,,信息,,,Huobi/ETH_BTC 交易对现在不允许做短线交易操作，现将直接按长线买入计入长线核算。
2018-04-13 22:50:00,,,信息,,,Huobi/ETH_BTC 交易对当前买入计入核算，长线持仓价格调整到： 0.064099 ，总持仓数量： 700.3674 ，总持币成本： 44.892791
2018-05-04 00:46:00,,,信息,,,Huobi/ETH_BTC交易对准备以大约 0.0808839 的价格卖出 27 个币，当前持仓总量 700.3674 动态卖出点 0.2 基准卖出价 0.064099
2018-05-04 00:46:00,Huobi,58,卖出,市价,27,
2018-05-04 00:50:00,,,收益,36.636863,,
2018-05-04 00:50:00,,,信息,,,Huobi/ETH_BTC 交易对订单 58 交易成功!平均卖出价格： 0.0808839 ，平均持仓价格： 0.064099 ，卖出数量： 27 ，毛收盈： 0.448825 ，累计毛收盈： 36.63686299999999
2018-05-26 02:46:00,,,信息,,,进入了死叉，对现有获利盘持仓进行平仓。
2018-05-26 02:46:00,,,信息,,,Huobi/ETH_BTC交易对准备以大约 0.0781979 的价格卖出 32.93878687655033 个币，当前持仓总量 673.3674 动态卖出点 0.195 基准卖出价 0.0808839
2018-05-26 02:46:00,Huobi,59,卖出,市价,32.9387868765503,
2018-05-26 02:50:00,,,收益,37.096111,,
2018-05-26 02:50:00,,,信息,,,Huobi/ETH_BTC 交易对订单 59 交易成功!平均卖出价格： 0.0781979 ，平均持仓价格： 0.064099 ，卖出数量： 32.9387 ，毛收盈： 0.459248 ，累计毛收盈： 37.09611099999999
2018-05-26 03:46:00,,,信息,,,进入了死叉，对现有获利盘持仓进行平仓。
2018-05-26 03:46:00,,,信息,,,Huobi/ETH_BTC交易对准备以大约 0.0781309 的价格卖出 32.910564907408855 个币，当前持仓总量 640.4287 动态卖出点 0.19 基准卖出价 0.0781979
2018-05-26 03:46:00,Huobi,60,卖出,市价,32.9105649074089,
2018-05-26 03:50:00,,,收益,37.552765,,
2018-05-26 03:50:00,,,信息,,,Huobi/ETH_BTC 交易对订单 60 交易成功!平均卖出价格： 0.0781309 ，平均持仓价格： 0.064099 ，卖出数量： 32.9105 ，毛收盈： 0.456654 ，累计毛收盈： 37.552764999999994
2018-05-26 03:50:00,,,信息,,,进入了死叉，对现有获利盘持仓进行平仓。
2018-05-26 03:50:00,,,信息,,,Huobi/ETH_BTC交易对准备以大约 0.0782081 的价格卖出 32.94308335543456 个币，当前持仓总量 607.5182 动态卖出点 0.185 基准卖出价 0.0781309
2018-05-26 03:50:00,Huobi,61,卖出,市价,32.9430833554346,
2018-05-26 03:54:00,,,收益,38.012408,,
2018-05-26 03:54:00,,,信息,,,Huobi/ETH_BTC 交易对订单 61 交易成功!平均卖出价格： 0.0782081 ，平均持仓价格： 0.064099 ，卖出数量： 32.943 ，毛收盈： 0.459643 ，累计毛收盈： 38.01240799999999
2018-05-26 03:54:00,,,信息,,,进入了死叉，对现有获利盘持仓进行平仓。
2018-05-26 03:54:00,,,信息,,,Huobi/ETH_BTC交易对准备以大约 0.0781824 的价格卖出 32.93225791353999 个币，当前持仓总量 574.5752 动态卖出点 0.18 基准卖出价 0.0782081
2018-05-26 03:54:00,Huobi,62,卖出,市价,32.93225791354,
2018-05-26 03:58:00,,,收益,38.471056,,
2018-05-26 03:58:00,,,信息,,,Huobi/ETH_BTC 交易对订单 62 交易成功!平均卖出价格： 0.0781824 ，平均持仓价格： 0.064099 ，卖出数量： 32.9322 ，毛收盈： 0.458648 ，累计毛收盈： 38.47105599999999
2018-05-26 03:58:00,,,信息,,,进入了死叉，对现有获利盘持仓进行平仓。
2018-05-26 03:58:00,,,信息,,,Huobi/ETH_BTC交易对准备以大约 0.0782339 的价格卖出 32.95395091967113 个币，当前持仓总量 541.643 动态卖出点 0.175 基准卖出价 0.0781824
2018-05-26 03:58:00,Huobi,63,卖出,市价,32.9539509196711,
2018-05-26 04:00:00,,,收益,38.9317,,
2018-05-26 04:00:00,,,信息,,,Huobi/ETH_BTC 交易对订单 63 交易成功!平均卖出价格： 0.0782339 ，平均持仓价格： 0.064099 ，卖出数量： 32.9539 ，毛收盈： 0.460644 ，累计毛收盈： 38.93169999999999
2018-05-26 04:00:00,,,信息,,,进入了死叉，对现有获利盘持仓进行平仓。
2018-05-26 04:00:00,,,信息,,,Huobi/ETH_BTC交易对准备以大约 0.0782329 的价格卖出 32.9535296962511 个币，当前持仓总量 508.6891 动态卖出点 0.16999999999999998 基准卖出价 0.0782339
2018-05-26 04:00:00,Huobi,64,卖出,市价,32.9535296962511,
2018-05-26 04:04:00,,,收益,39.392305,,
2018-05-26 04:04:00,,,信息,,,Huobi/ETH_BTC 交易对订单 64 交易成功!平均卖出价格： 0.0782329 ，平均持仓价格： 0.064099 ，卖出数量： 32.9535 ，毛收盈： 0.460605 ，累计毛收盈： 39.39230499999999
2018-05-26 04:04:00,,,信息,,,进入了死叉，对现有获利盘持仓进行平仓。
2018-05-26 04:04:00,,,信息,,,Huobi/ETH_BTC交易对准备以大约 0.0780521 的价格卖出 32.877372501911104 个币，当前持仓总量 475.7356 动态卖出点 0.16499999999999998 基准卖出价 0.0782329
2018-05-26 04:04:00,Huobi,65,卖出,市价,32.8773725019111,
2018-05-26 04:08:00,,,收益,39.845913,,
2018-05-26 04:08:00,,,信息,,,Huobi/ETH_BTC 交易对订单 65 交易成功!平均卖出价格： 0.0780521 ，平均持仓价格： 0.064099 ，卖出数量： 32.8773 ，毛收盈： 0.453608 ，累计毛收盈： 39.845912999999996
2018-05-26 04:08:00,,,信息,,,进入了死叉，对现有获利盘持仓进行平仓。
2018-05-26 04:08:00,,,信息,,,Huobi/ETH_BTC交易对准备以大约 0.0781124 的价格卖出 32.90277227413844 个币，当前持仓总量 442.8583 动态卖出点 0.15999999999999998 基准卖出价 0.0780521
2018-05-26 04:08:00,Huobi,66,卖出,市价,32.9027722741384,
2018-05-26 04:12:00,,,收益,40.301851,,
2018-05-26 04:12:00,,,信息,,,Huobi/ETH_BTC 交易对订单 66 交易成功!平均卖出价格： 0.0781124 ，平均持仓价格： 0.064099 ，卖出数量： 32.9027 ，毛收盈： 0.455938 ，累计毛收盈： 40.301851
2018-05-26 04:12:00,,,信息,,,进入了死叉，对现有获利盘持仓进行平仓。
2018-05-26 04:12:00,,,信息,,,Huobi/ETH_BTC交易对准备以大约 0.0779919 的价格卖出 32.852014852025775 个币，当前持仓总量 409.9556 动态卖出点 0.15499999999999997 基准卖出价 0.0781124
2018-05-26 04:12:00,Huobi,67,卖出,市价,32.8520148520258,
2018-05-26 04:20:00,,,收益,40.753136,,
2018-05-26 04:20:00,,,信息,,,Huobi/ETH_BTC 交易对订单 67 交易成功!平均卖出价格： 0.0779919 ，平均持仓价格： 0.064099 ，卖出数量： 32.852 ，毛收盈： 0.451285 ，累计毛收盈： 40.753136
2018-05-26 04:20:00,,,信息,,,进入了死叉，对现有获利盘持仓进行平仓。
2018-05-26 04:20:00,,,信息,,,Huobi/ETH_BTC交易对准备以大约 0.0781639 的价格卖出 32.92446528026958 个币，当前持仓总量 377.1036 动态卖出点 0.14999999999999997 基准卖出价 0.0779919
2018-05-26 04:20:00,Huobi,68,卖出,市价,32.9244652802696,
2018-05-26 04:24:00,,,收益,41.211067,,
2018-05-26 04:24:00,,,信息,,,Huobi/ETH_BTC 交易对订单 68 交易成功!平均卖出价格： 0.0781639 ，平均持仓价格： 0.064099 ，卖出数量： 32.9244 ，毛收盈： 0.457931 ，累计毛收盈： 41.211067
2018-05-26 04:24:00,,,信息,,,进入了死叉，对现有获利盘持仓进行平仓。
2018-05-26 04:24:00,,,信息,,,Huobi/ETH_BTC交易对准备以大约 0.0781295 的价格卖出 32.90997519462082 个币，当前持仓总量 344.1792 动态卖出点 0.14499999999999996 基准卖出价 0.0781639
2018-05-26 04:24:00,Huobi,69,卖出,市价,32.9099751946208,
2018-05-26 04:32:00,,,收益,41.667667,,
2018-05-26 04:32:00,,,信息,,,Huobi/ETH_BTC 交易对订单 69 交易成功!平均卖出价格： 0.0781295 ，平均持仓价格： 0.064099 ，卖出数量： 32.9099 ，毛收盈： 0.4566 ，累计毛收盈： 41.667667
2018-05-26 05:32:00,,,信息,,,进入了死叉，对现有获利盘持仓进行平仓。
2018-05-26 05:32:00,,,信息,,,Huobi/ETH_BTC交易对准备以大约 0.0782259 的价格卖出 32.95058113231095 个币，当前持仓总量 311.2693 动态卖出点 0.13999999999999996 基准卖出价 0.0781295
2018-05-26 05:32:00,Huobi,70,卖出,市价,32.950581132311,
2018-05-26 05:36:00,,,收益,42.128,,
2018-05-26 05:36:00,,,信息,,,Huobi/ETH_BTC 交易对订单 70 交易成功!平均卖出价格： 0.0782259 ，平均持仓价格： 0.064099 ，卖出数量： 32.9505 ，毛收盈： 0.460333 ，累计毛收盈： 42.128
2018-05-26 05:46:00,,,信息,,,进入了死叉，对现有获利盘持仓进行平仓。
2018-05-26 05:46:00,,,信息,,,Huobi/ETH_BTC交易对准备以大约 0.0780519 的价格卖出 32.8772882572271 个币，当前持仓总量 278.3188 动态卖出点 0.13499999999999995 基准卖出价 0.0782259
2018-05-26 05:46:00,Huobi,71,卖出,市价,32.8772882572271,
2018-05-26 05:50:00,,,收益,42.5816,,
2018-05-26 05:50:00,,,信息,,,Huobi/ETH_BTC 交易对订单 71 交易成功!平均卖出价格： 0.0780519 ，平均持仓价格： 0.064099 ，卖出数量： 32.8772 ，毛收盈： 0.4536 ，累计毛收盈： 42.5816
2018-05-26 05:50:00,,,信息,,,进入了死叉，对现有获利盘持仓进行平仓。
2018-05-26 05:50:00,,,信息,,,Huobi/ETH_BTC交易对准备以大约 0.0781516 的价格卖出 32.91928423220331 个币，当前持仓总量 245.4416 动态卖出点 0.12999999999999995 基准卖出价 0.0780519
2018-05-26 05:50:00,Huobi,72,卖出,市价,32.9192842322033,
2018-05-26 05:54:00,,,收益,43.039055,,
2018-05-26 05:54:00,,,信息,,,Huobi/ETH_BTC 交易对订单 72 交易成功!平均卖出价格： 0.0781516 ，平均持仓价格： 0.064099 ，卖出数量： 32.9192 ，毛收盈： 0.457455 ，累计毛收盈： 43.039055000000005
2018-05-26 05:54:00,,,信息,,,进入了死叉，对现有获利盘持仓进行平仓。
2018-05-26 05:54:00,,,信息,,,Huobi/ETH_BTC交易对准备以大约 0.0781184 的价格卖出 32.905299614658574 个币，当前持仓总量 212.5224 动态卖出点 0.12499999999999994 基准卖出价 0.0781516
2018-05-26 05:54:00,Huobi,73,卖出,市价,32.9052996146586,
2018-05-26 05:58:00,,,收益,43.495225,,
2018-05-26 05:58:00,,,信息,,,Huobi/ETH_BTC 交易对订单 73 交易成功!平均卖出价格： 0.0781184 ，平均持仓价格： 0.064099 ，卖出数量： 32.9052 ，毛收盈： 0.45617 ，累计毛收盈： 43.495225000000005
2018-05-26 05:58:00,,,信息,,,进入了死叉，对现有获利盘持仓进行平仓。
2018-05-26 05:58:00,,,信息,,,Huobi/ETH_BTC交易对准备以大约 0.0781849 的价格卖出 32.93331097209005 个币，当前持仓总量 179.6172 动态卖出点 0.11999999999999994 基准卖出价 0.0781184
2018-05-26 05:58:00,Huobi,74,卖出,市价,32.93331097209,
2018-05-26 06:00:00,,,收益,43.95397,,
2018-05-26 06:00:00,,,信息,,,Huobi/ETH_BTC 交易对订单 74 交易成功!平均卖出价格： 0.0781849 ，平均持仓价格： 0.064099 ，卖出数量： 32.9333 ，毛收盈： 0.458745 ，累计毛收盈： 43.953970000000005
2018-05-26 06:00:00,,,信息,,,进入了死叉，对现有获利盘持仓进行平仓。
2018-05-26 06:00:00,,,信息,,,Huobi/ETH_BTC交易对准备以大约 0.0782019 的价格卖出 32.940471770230424 个币，当前持仓总量 146.6839 动态卖出点 0.11499999999999994 基准卖出价 0.0781849
2018-05-26 06:00:00,Huobi,75,卖出,市价,32.9404717702304,
2018-05-26 06:04:00,,,收益,44.413373,,
2018-05-26 06:04:00,,,信息,,,Huobi/ETH_BTC 交易对订单 75 交易成功!平均卖出价格： 0.0782019 ，平均持仓价格： 0.064099 ，卖出数量： 32.9404 ，毛收盈： 0.459403 ，累计毛收盈： 44.41337300000001
2018-05-26 06:20:00,,,信息,,,进入了死叉，对现有获利盘持仓进行平仓。
2018-05-26 06:20:00,,,信息,,,Huobi/ETH_BTC交易对准备以大约 0.0780919 的价格卖出 32.894137194027984 个币，当前持仓总量 113.7435 动态卖出点 0.10999999999999993 基准卖出价 0.0782019
2018-05-26 06:20:00,Huobi,76,卖出,市价,32.894137194028,
2018-05-26 06:24:00,,,收益,44.868519,,
2018-05-26 06:24:00,,,信息,,,Huobi/ETH_BTC 交易对订单 76 交易成功!平均卖出价格： 0.0780919 ，平均持仓价格： 0.064099 ，卖出数量： 32.8941 ，毛收盈： 0.455146 ，累计毛收盈： 44.868519000000006
2018-05-26 06:24:00,,,信息,,,进入了死叉，对现有获利盘持仓进行平仓。
2018-05-26 06:24:00,,,信息,,,Huobi/ETH_BTC交易对准备以大约 0.0781609 的价格卖出 32.92320161000952 个币，当前持仓总量 80.8494 动态卖出点 0.10499999999999993 基准卖出价 0.0780919
2018-05-26 06:24:00,Huobi,77,卖出,市价,32.9232016100095,
2018-05-26 06:32:00,,,收益,45.326335,,
2018-05-26 06:32:00,,,信息,,,Huobi/ETH_BTC 交易对订单 77 交易成功!平均卖出价格： 0.0781609 ，平均持仓价格： 0.064099 ，卖出数量： 32.9232 ，毛收盈： 0.457816 ，累计毛收盈： 45.32633500000001
2018-05-26 06:32:00,,,信息,,,进入了死叉，对现有获利盘持仓进行平仓。
2018-05-26 06:32:00,,,信息,,,Huobi/ETH_BTC交易对准备以大约 0.0777469 的价格卖出 32.74881511412034 个币，当前持仓总量 47.9262 动态卖出点 0.1 基准卖出价 0.0781609
2018-05-26 06:32:00,Huobi,78,卖出,市价,32.7488151141203,
2018-05-26 06:36:00,,,收益,45.768195,,
2018-05-26 06:36:00,,,信息,,,Huobi/ETH_BTC 交易对订单 78 交易成功!平均卖出价格： 0.0777469 ，平均持仓价格： 0.064099 ，卖出数量： 32.7488 ，毛收盈： 0.44186 ，累计毛收盈： 45.768195000000006
2018-05-26 06:36:00,,,信息,,,进入了死叉，对现有获利盘持仓进行平仓。
2018-05-26 06:36:00,,,信息,,,Huobi/ETH_BTC交易对准备以大约 0.0778159 的价格卖出 15.1774 个币，当前持仓总量 15.1774 动态卖出点 0.1 基准卖出价 0.0777469
2018-05-26 06:36:00,Huobi,79,卖出,市价,15.1774,
2018-05-26 06:46:00,,,收益,45.97402,,
2018-05-26 06:46:00,,,信息,,,Huobi/ETH_BTC 交易对订单 79 交易成功!平均卖出价格： 0.0778159 ，平均持仓价格： 0.064099 ，卖出数量： 15.1774 ，毛收盈： 0.205825 ，累计毛收盈： 45.97402
2018-05-26 06:46:00,,,信息,,,Huobi/ETH_BTC 交易对空仓至最小持币量，将指导买入价调整为 0.070957
2018-05-26 06:46:00,,,信息,,,当前已经完成平仓，但最后的持仓均价过高，适当降底买入指导价以减小未来买入成本。从 0.070957 调到 0.070864
2018-06-08 00:00:00,,,信息,,,当前已经完成平仓，但币价继续上升，适当调整买入指导价以防止指导价过低无法买入。从 0.070864 调到 0.07147005000000001
2018-06-08 00:20:00,,,信息,,,当前已经完成平仓，但币价继续上升，适当调整买入指导价以防止指导价过低无法买入。从 0.07147005000000001 调到 0.07148235
2018-06-08 00:32:00,,,信息,,,当前已经完成平仓，但币价继续上升，适当调整买入指导价以防止指导价过低无法买入。从 0.07148235 调到 0.0715467
2018-06-08 00:46:00,,,信息,,,当前已经完成平仓，但币价继续上升，适当调整买入指导价以防止指导价过低无法买入。从 0.0715467 调到 0.07161105000000001
2018-06-08 01:04:00,,,信息,,,当前已经完成平仓，但币价继续上升，适当调整买入指导价以防止指导价过低无法买入。从 0.07161105000000001 调到 0.07161239999999999
2018-06-08 01:12:00,,,信息,,,当前已经完成平仓，但币价继续上升，适当调整买入指导价以防止指导价过低无法买入。从 0.07161239999999999 调到 0.07161455
2018-06-08 10:46:00,,,信息,,,当前已经完成平仓，但币价继续上升，适当调整买入指导价以防止指导价过低无法买入。从 0.07161455 调到 0.07162805
2018-06-08 11:04:00,,,信息,,,当前已经完成平仓，但币价继续上升，适当调整买入指导价以防止指导价过低无法买入。从 0.07162805 调到 0.0716494
2018-06-08 11:12:00,,,信息,,,当前已经完成平仓，但币价继续上升，适当调整买入指导价以防止指导价过低无法买入。从 0.0716494 调到 0.07166105
2018-06-08 13:12:00,,,信息,,,当前已经完成平仓，但币价继续上升，适当调整买入指导价以防止指导价过低无法买入。从 0.07166105 调到 0.07167255
2018-06-08 14:46:00,,,信息,,,当前已经完成平仓，但币价继续上升，适当调整买入指导价以防止指导价过低无法买入。从 0.07167255 调到 0.07171405
2018-06-09 10:46:00,,,信息,,,当前已经完成平仓，但币价继续上升，适当调整买入指导价以防止指导价过低无法买入。从 0.07171405 调到 0.07171505
2018-06-09 13:46:00,,,信息,,,当前已经完成平仓，但币价继续上升，适当调整买入指导价以防止指导价过低无法买入。从 0.07171505 调到 0.07174455
2018-06-10 07:46:00,,,信息,,,当前已经完成平仓，但币价继续上升，适当调整买入指导价以防止指导价过低无法买入。从 0.07174455 调到 0.07178705
2018-06-11 02:12:00,,,信息,,,当前已经完成平仓，但币价继续上升，适当调整买入指导价以防止指导价过低无法买入。从 0.07178705 调到 0.07180455
2018-06-20 03:32:00,,,信息,,,当前已经完成平仓，但币价继续上升，适当调整买入指导价以防止指导价过低无法买入。从 0.07180455 调到 0.07181355
2018-06-20 03:46:00,,,信息,,,当前已经完成平仓，但币价继续上升，适当调整买入指导价以防止指导价过低无法买入。从 0.07181355 调到 0.07189755
2018-06-20 04:04:00,,,信息,,,当前已经完成平仓，但币价继续上升，适当调整买入指导价以防止指导价过低无法买入。从 0.07189755 调到 0.0719474
2018-06-20 04:12:00,,,信息,,,当前已经完成平仓，但币价继续上升，适当调整买入指导价以防止指导价过低无法买入。从 0.0719474 调到 0.07196905
2018-06-20 07:46:00,,,信息,,,当前已经完成平仓，但币价继续上升，适当调整买入指导价以防止指导价过低无法买入。从 0.07196905 调到 0.07197855
2018-06-20 08:04:00,,,信息,,,当前已经完成平仓，但币价继续上升，适当调整买入指导价以防止指导价过低无法买入。从 0.07197855 调到 0.0719854
2018-06-20 08:12:00,,,信息,,,当前已经完成平仓，但币价继续上升，适当调整买入指导价以防止指导价过低无法买入。从 0.0719854 调到 0.07199805000000001
2018-06-20 22:46:00,,,信息,,,当前已经完成平仓，但币价继续上升，适当调整买入指导价以防止指导价过低无法买入。从 0.07199805000000001 调到 0.07206755000000001
2018-06-21 10:32:00,,,信息,,,当前已经完成平仓，但币价继续上升，适当调整买入指导价以防止指导价过低无法买入。从 0.07206755000000001 调到 0.0720902
2018-06-21 10:46:00,,,信息,,,当前已经完成平仓，但币价继续上升，适当调整买入指导价以防止指导价过低无法买入。从 0.0720902 调到 0.07217305
2018-06-21 11:04:00,,,信息,,,当前已经完成平仓，但币价继续上升，适当调整买入指导价以防止指导价过低无法买入。从 0.07217305 调到 0.07233529999999999
2018-06-21 11:12:00,,,信息,,,当前已经完成平仓，但币价继续上升，适当调整买入指导价以防止指导价过低无法买入。从 0.07233529999999999 调到 0.07240455000000001
2018-06-21 13:46:00,,,信息,,,当前已经完成平仓，但币价继续上升，适当调整买入指导价以防止指导价过低无法买入。从 0.07240455000000001 调到 0.07254955
2018-07-10 19:32:00,,,信息,,,当前基准买入价格 0.07254955 上次买入价格 0.07254955 动态买入点 0.05 当前持仓总量 0
2018-07-10 19:32:00,,,信息,,,Huobi/ETH_BTC交易对准备以 0.0681931 的价格买入 36 个币，当前账户余额为： 65.76007382 。本次下单金额 2.4549516000000002 ，本次预期买入数量 36 ，预期成交价格 0.0681931
2018-07-10 19:32:00,Huobi,80,买入,市价,2.4549516,
2018-07-10 19:36:00,,,信息,,,Huobi/ETH_BTC 交易对订单 80 买入交易已经成功!成交均价： 0.0681931 ，挂单买入： 2.4549 ，买到数量： 35.9272
2018-07-10 19:36:00,,,信息,,,Huobi/ETH_BTC 交易对当前买入计入核算，长线持仓价格调整到： 0.068329 ，总持仓数量： 35.9272 ，总持币成本： 2.454887
2018-07-19 21:32:00,,,信息,,,当前基准买入价格 0.0681931 上次买入价格 0.0681931 动态买入点 0.058 当前持仓总量 35.9272
2018-07-19 21:32:00,,,信息,,,Huobi/ETH_BTC交易对准备以 0.0641007 的价格买入 48.920854102943125 个币，当前账户余额为： 63.3051867 。本次下单金额 3.135860992596526 ，本次预期买入数量 48.920854102943125 ，预期成交价格 0.0641007
2018-07-19 21:32:00,Huobi,81,买入,市价,3.13586099259653,
2018-07-19 21:36:00,,,信息,,,Huobi/ETH_BTC 交易对订单 81 买入交易已经成功!成交均价： 0.0641007 ，挂单买入： 3.1358 ，买到数量： 48.822
2018-07-19 21:36:00,,,信息,,,短线交易开闭处于关闭状态，不做短线交易
2018-07-19 21:36:00,,,信息,,,Huobi/ETH_BTC 交易对现在不允许做短线交易操作，现将直接按长线买入计入长线核算。
2018-07-19 21:36:00,,,信息,,,Huobi/ETH_BTC 交易对当前买入计入核算，长线持仓价格调整到： 0.065967 ，总持仓数量： 84.7492 ，总持币成本： 5.590653
2018-07-23 16:32:00,,,信息,,,当前基准买入价格 0.0641007 上次买入价格 0.0641007 动态买入点 0.066 当前持仓总量 84.7492
2018-07-23 16:32:00,,,信息,,,Huobi/ETH_BTC交易对准备以 0.0597381 的价格买入 58.43525762881439 个币，当前账户余额为： 60.16940328 。本次下单金额 3.490811263755877 ，本次预期买入数量 58.43525762881439 ，预期成交价格 0.0597381
2018-07-23 16:32:00,Huobi,82,买入,市价,3.49081126375588,
2018-07-23 16:36:00,,,信息,,,Huobi/ETH_BTC 交易对订单 82 买入交易已经成功!成交均价： 0.0597381 ，挂单买入： 3.4908 ，买到数量： 58.3181
2018-07-23 16:36:00,,,信息,,,短线交易开闭处于关闭状态，不做短线交易
2018-07-23 16:36:00,,,信息,,,Huobi/ETH_BTC 交易对现在不允许做短线交易操作，现将直接按长线买入计入长线核算。
2018-07-23 16:36:00,,,信息,,,Huobi/ETH_BTC 交易对当前买入计入核算，长线持仓价格调整到： 0.063477 ，总持仓数量： 143.0673 ，总持币成本： 9.081431
